graph,kind,curvature,iterations,lr,final_stress,initial_stress,diverged_at
caterpillar,stage1,c=0.000001,100000,0.0001,955657.3735480715,1762979.6943880734,
caterpillar,stage1,c=0.000001,100000,0.0003,918042.9914178537,1762979.6943880734,
caterpillar,stage1,c=0.000001,100000,0.001,691973.8631810333,1762979.6943880734,
caterpillar,stage1,c=0.000001,100000,0.003,109657.665307226,1762979.6943880734,
caterpillar,stage2,c=0.000001,100000,1e-05,74720.7011643806,112547.85347094017,
caterpillar,stage2,c=0.000001,100000,3e-05,73803.57847181166,112547.85347094017,
caterpillar,stage2,c=0.000001,100000,0.0001,75039.33153949058,112547.85347094017,
caterpillar,stage2,c=0.000001,100000,0.0003,77077.40264743581,112547.85347094017,
caterpillar,stage2,c=0.000001,100000,0.001,82164.82978308777,112547.85347094017,
caterpillar,stage2,c=0.000001,100000,0.003,93486.08984536896,112547.85347094017,
caterpillar,stage2,c=0.000001,100000,0.01,139636.5789899548,112547.85347094017,
caterpillar,stage2,c=0.2,100000,0.001,7480.576492423588,112547.85347094017,
caterpillar,stage2,c=0.2,100000,0.003,4319.529445378305,112547.85347094017,
caterpillar,stage2,c=0.2,100000,0.01,6341.888911862221,112547.85347094017,
caterpillar,stage2,c=0.2,100000,0.03,17565.04327279955,112547.85347094017,
caterpillar,stage2,c=0.2,100000,0.1,47065.3839882027,112547.85347094017,
caterpillar,stage2,c=0.3,100000,0.0001,938.2125983485181,112547.85347094017,
caterpillar,stage2,c=0.3,100000,0.0003,935.159465816197,112547.85347094017,
caterpillar,stage2,c=0.3,100000,0.001,952.7428251289955,112547.85347094017,
caterpillar,stage2,c=0.3,100000,0.003,1066.3531870221962,112547.85347094017,
caterpillar,stage2,c=0.3,100000,0.01,1648.4033947903395,112547.85347094017,
caterpillar,stage2,c=0.3,100000,0.03,4124.668498861181,112547.85347094017,
caterpillar,stage2,c=0.3,100000,0.1,15058.482984791028,112547.85347094017,
caterpillar,single,c=0.000001,200000,0.001,484109.38323742215,1762979.6943880734,
caterpillar,single,c=0.000001,200000,0.003,94403.08465539613,1762979.6943880734,
caterpillar,single,c=0.000001,200000,0.01,139383.69692601,1762979.6943880734,
caterpillar,single,c=0.000001,200000,0.03,214297.32682810808,1762979.6943880734,
caterpillar,single,c=0.2,200000,0.003,588247.5417062474,1762979.6943880734,
caterpillar,single,c=0.2,200000,0.01,518459.2278906395,1762979.6943880734,
caterpillar,single,c=0.2,200000,0.03,230530.6440432195,1762979.6943880734,
caterpillar,single,c=0.2,200000,0.1,46825.7989601887,1762979.6943880734,
caterpillar,single,c=0.2,200000,0.3,99655.5461464616,1762979.6943880734,
caterpillar,single,c=0.2,200000,1.0,inf,1762979.6943880734,9309
caterpillar,single,c=0.3,200000,0.003,571876.4891632028,1762979.6943880734,
caterpillar,single,c=0.3,200000,0.01,579241.438135301,1762979.6943880734,
caterpillar,single,c=0.3,200000,0.03,354530.10419433215,1762979.6943880734,
caterpillar,single,c=0.3,200000,0.1,286500.22461342794,1762979.6943880734,
caterpillar,single,c=0.3,200000,0.3,inf,1762979.6943880734,21231
caterpillar,single,c=0.3,200000,1.0,inf,1762979.6943880734,16
caterpillar,single,c=1.0,200000,0.001,890287.8104958289,1762979.6943880734,
caterpillar,single,c=1.0,200000,0.01,838158.3299868444,1762979.6943880734,
caterpillar,single,c=1.0,200000,0.1,781979.8507662846,1762979.6943880734,
caterpillar,single,c=1.0,200000,1.0,inf,1762979.6943880734,13
caterpillar,single,c=1.0,200000,10.0,inf,1762979.6943880734,7
caterpillar,single,c=1.0,200000,100.0,inf,1762979.6943880734,7
caterpillar,single,c=1.0,200000,1000.0,inf,1762979.6943880734,7
marsupialia,stage1,c=0.000001,200000,0.001,812092.2106274905,6405939.857082339,
marsupialia,stage1,c=0.000001,200000,0.003,146746.20712222255,6405939.857082339,
marsupialia,stage1,c=0.000001,200000,0.01,320841.5153023926,6405939.857082339,
marsupialia,stage2,c=0.000001,100000,1e-05,78198.36390771103,143760.85765516563,
marsupialia,stage2,c=0.000001,100000,0.0001,71097.37027860848,143760.85765516563,
marsupialia,stage2,c=0.000001,100000,0.001,92807.0869474371,143760.85765516563,
marsupialia,stage2,c=0.000001,100000,0.003,137337.516576958,143760.85765516563,
marsupialia,stage2,c=0.2,100000,0.0003,39323.745701650994,143760.85765516563,
marsupialia,stage2,c=0.2,100000,0.001,37446.74050897267,143760.85765516563,
marsupialia,stage2,c=0.2,100000,0.003,36533.87247339909,143760.85765516563,
marsupialia,stage2,c=0.2,100000,0.01,35633.57309551822,143760.85765516563,
marsupialia,stage2,c=0.2,100000,0.03,61694.887058964494,143760.85765516563,
marsupialia,stage2,c=0.3,100000,0.001,39644.31821059463,143760.85765516563,
marsupialia,stage2,c=0.3,100000,0.003,37072.82925819148,143760.85765516563,
marsupialia,stage2,c=0.3,100000,0.01,36602.22827827606,143760.85765516563,
marsupialia,stage2,c=0.3,100000,0.03,33238.2916949543,143760.85765516563,
marsupialia,stage2,c=0.3,100000,0.1,60099.30141565062,143760.85765516563,
marsupialia,single,c=0.000001,300000,0.001,320021.3516850529,6405939.857082339,
marsupialia,single,c=0.000001,300000,0.003,137124.17502564212,6405939.857082339,
marsupialia,single,c=0.000001,300000,0.01,320433.7915020451,6405939.857082339,
marsupialia,single,c=0.000001,300000,0.03,619845.759766121,6405939.857082339,
marsupialia,single,c=0.2,300000,0.003,1092151.5173243047,6405939.857082339,
marsupialia,single,c=0.2,300000,0.01,1067759.982302835,6405939.857082339,
marsupialia,single,c=0.2,300000,0.03,916915.978996025,6405939.857082339,
marsupialia,single,c=0.2,300000,0.1,128472.73066972074,6405939.857082339,
marsupialia,single,c=0.2,300000,0.3,359812.3914795366,6405939.857082339,
marsupialia,single,c=0.3,300000,0.003,1072104.784337085,6405939.857082339,
marsupialia,single,c=0.3,300000,0.01,1087266.112888935,6405939.857082339,
marsupialia,single,c=0.3,300000,0.03,1072970.7168039838,6405939.857082339,
marsupialia,single,c=0.3,300000,0.1,943219.4209484861,6405939.857082339,
marsupialia,single,c=0.3,300000,0.3,inf,6405939.857082339,11447
marsupialia,single,c=1.0,300000,0.001,3456225.536776157,6405939.857082339,
marsupialia,single,c=1.0,300000,0.01,2928974.2114763977,6405939.857082339,
marsupialia,single,c=1.0,300000,0.1,2587806.2989668623,6405939.857082339,
marsupialia,single,c=1.0,300000,1.0,inf,6405939.857082339,11
marsupialia,single,c=1.0,300000,10.0,inf,6405939.857082339,7
marsupialia,single,c=1.0,300000,100.0,inf,6405939.857082339,6
marsupialia,single,c=1.0,300000,1000.0,inf,6405939.857082339,6
fabaceae_sub,stage1,c=0.000001,200000,0.003,1887068.3923663476,13545004.490106493,
fabaceae_sub,stage1,c=0.000001,200000,0.01,1595288.7501612648,13545004.490106493,
fabaceae_sub,stage1,c=0.000001,200000,0.03,2515547.6032954664,13545004.490106493,
fabaceae_sub,stage2,c=0.000001,100000,3e-05,958578.3790181534,1640547.1210456365,
fabaceae_sub,stage2,c=0.000001,100000,0.0001,902910.2238181549,1640547.1210456365,
fabaceae_sub,stage2,c=0.000001,100000,0.0003,862508.3841102604,1640547.1210456365,
fabaceae_sub,stage2,c=0.000001,100000,0.001,863084.8783918073,1640547.1210456365,
fabaceae_sub,stage2,c=0.000001,100000,0.003,939868.1785307546,1640547.1210456365,
fabaceae_sub,stage2,c=0.2,100000,0.001,1052223.0699292065,1640547.1210456365,
fabaceae_sub,stage2,c=0.2,100000,0.003,878882.1810030054,1640547.1210456365,
fabaceae_sub,stage2,c=0.2,100000,0.01,633980.1870438573,1640547.1210456365,
fabaceae_sub,stage2,c=0.2,100000,0.03,668466.262686839,1640547.1210456365,
fabaceae_sub,stage2,c=0.2,100000,0.1,642518.2146358261,1640547.1210456365,
fabaceae_sub,stage2,c=0.3,100000,0.001,1135062.123864855,1640547.1210456365,
fabaceae_sub,stage2,c=0.3,100000,0.003,1052505.614011345,1640547.1210456365,
fabaceae_sub,stage2,c=0.3,100000,0.01,901341.3913885299,1640547.1210456365,
fabaceae_sub,stage2,c=0.3,100000,0.03,759218.400793655,1640547.1210456365,
fabaceae_sub,stage2,c=0.3,100000,0.1,680568.9633000878,1640547.1210456365,
fabaceae_sub,stage2,c=0.3,100000,0.3,inf,1640547.1210456365,8850
fabaceae_sub,single,c=0.000001,300000,0.003,1686459.9443395094,13545004.490106493,
fabaceae_sub,single,c=0.000001,300000,0.01,1586736.5031297328,13545004.490106493,
fabaceae_sub,single,c=0.000001,300000,0.03,2507139.387343759,13545004.490106493,
fabaceae_sub,single,c=0.000001,300000,0.1,3977625.1311992137,13545004.490106493,
fabaceae_sub,single,c=0.2,300000,0.01,4381199.570547123,13545004.490106493,
fabaceae_sub,single,c=0.2,300000,0.03,3855369.968447986,13545004.490106493,
fabaceae_sub,single,c=0.2,300000,0.1,2774161.9168689563,13545004.490106493,
fabaceae_sub,single,c=0.2,300000,0.3,inf,13545004.490106493,113132
fabaceae_sub,single,c=0.3,300000,0.01,4403757.726237476,13545004.490106493,
fabaceae_sub,single,c=0.3,300000,0.03,4405455.907462395,13545004.490106493,
fabaceae_sub,single,c=0.3,300000,0.1,3641923.057901518,13545004.490106493,
fabaceae_sub,single,c=0.3,300000,0.3,inf,13545004.490106493,193920
fabaceae_sub,single,c=1.0,300000,0.001,6714319.390478997,13545004.490106493,
fabaceae_sub,single,c=1.0,300000,0.01,6588445.810868697,13545004.490106493,
fabaceae_sub,single,c=1.0,300000,0.1,6532036.805721036,13545004.490106493,
fabaceae_sub,single,c=1.0,300000,1.0,inf,13545004.490106493,13
fabaceae_sub,single,c=1.0,300000,10.0,inf,13545004.490106493,7
fabaceae_sub,single,c=1.0,300000,100.0,inf,13545004.490106493,6
fabaceae_sub,single,c=1.0,300000,1000.0,inf,13545004.490106493,6
cichlidae,stage1,c=0.000001,100000,0.0003,306382885.55735815,460985399.13665223,
cichlidae,stage1,c=0.000001,100000,0.001,233581284.30176815,460985399.13665223,
cichlidae,stage1,c=0.000001,100000,0.003,153147195.74955925,460985399.13665223,
cichlidae,stage1,c=0.000001,100000,0.01,97916465.40687534,460985399.13665223,
cichlidae,stage1,c=0.000001,100000,0.03,107089274.24716312,460985399.13665223,
cichlidae,stage1,c=0.000001,100000,0.1,128808392.79689354,460985399.13665223,
cichlidae,stage2,c=0.000001,100000,3e-05,68164443.52700232,98443077.56525552,
cichlidae,stage2,c=0.000001,100000,0.0001,67774896.96161427,98443077.56525552,
cichlidae,stage2,c=0.000001,100000,0.0003,69021320.44201137,98443077.56525552,
cichlidae,stage2,c=0.2,100000,0.003,76378590.71234958,98443077.56525552,
cichlidae,stage2,c=0.2,100000,0.01,59218155.05403828,98443077.56525552,
cichlidae,stage2,c=0.2,100000,0.03,52135747.2500649,98443077.56525552,
cichlidae,stage2,c=0.2,100000,0.1,55590343.808969535,98443077.56525552,
cichlidae,stage2,c=0.2,100000,0.2,62509180.73780326,98443077.56525552,
cichlidae,stage2,c=0.3,100000,0.03,76420187.58607481,98443077.56525552,
cichlidae,stage2,c=0.3,100000,0.1,63726771.09200828,98443077.56525552,
cichlidae,stage2,c=0.3,100000,0.2,inf,98443077.56525552,10657
cichlidae,single,c=0.000001,200000,0.01,96137315.43471412,460985399.13665223,
cichlidae,single,c=0.2,100000,0.03,188612100.28005445,460985399.13665223,
cichlidae,single,c=0.2,100000,0.1,177657362.5532353,460985399.13665223,
cichlidae,single,c=0.2,100000,0.3,inf,460985399.13665223,38922
cichlidae,single,c=0.3,100000,0.03,193491810.27548897,460985399.13665223,
cichlidae,single,c=0.3,100000,0.1,189768155.89730248,460985399.13665223,
cichlidae,single,c=0.3,100000,0.3,inf,460985399.13665223,75486
cichlidae,single,c=1.0,100000,0.01,203036784.91693404,460985399.13665223,
cichlidae,single,c=1.0,100000,0.1,202851431.64611372,460985399.13665223,
cichlidae,single,c=1.0,100000,1.0,inf,460985399.13665223,10
falconiformes,stage1,c=0.000001,100000,0.001,9413.746692763496,362834.1858990406,
falconiformes,stage1,c=0.000001,100000,0.003,9525.065028620387,362834.1858990406,
falconiformes,stage1,c=0.000001,100000,0.01,11545.906996302667,362834.1858990406,
falconiformes,stage1,c=0.000001,100000,0.03,16540.065629640216,362834.1858990406,
falconiformes,stage2,c=0.000001,100000,3e-06,9082.121732136573,9375.628765947466,
falconiformes,stage2,c=0.000001,100000,1e-05,9065.606433568357,9375.628765947466,
falconiformes,stage2,c=0.000001,100000,3e-05,9078.7331924181,9375.628765947466,
falconiformes,stage2,c=0.000001,100000,0.0001,9080.049554800698,9375.628765947466,
falconiformes,stage2,c=0.000001,100000,0.0003,9099.985954919288,9375.628765947466,
falconiformes,stage2,c=0.000001,100000,0.001,9159.575248820465,9375.628765947466,
falconiformes,stage2,c=0.2,100000,0.0003,8998.695110115168,9375.628765947466,
falconiformes,stage2,c=0.2,100000,0.001,8998.782160813611,9375.628765947466,
falconiformes,stage2,c=0.2,100000,0.003,8996.574425252687,9375.628765947466,
falconiformes,stage2,c=0.2,100000,0.01,9019.406000050796,9375.628765947466,
falconiformes,stage2,c=0.2,100000,0.03,9151.316408611987,9375.628765947466,
falconiformes,stage2,c=0.3,100000,1e-05,8998.685930200782,9375.628765947466,
falconiformes,stage2,c=0.3,100000,3e-05,8998.68594213646,9375.628765947466,
falconiformes,stage2,c=0.3,100000,0.0001,8998.686073124818,9375.628765947466,
falconiformes,stage2,c=0.3,100000,0.0003,8998.687403125772,9375.628765947466,
falconiformes,stage2,c=0.3,100000,0.001,8998.70122116192,9375.628765947466,
falconiformes,stage2,c=0.3,100000,0.003,8998.820510847734,9375.628765947466,
falconiformes,stage2,c=0.3,100000,0.01,9001.112122924564,9375.628765947466,
falconiformes,stage2,c=0.3,100000,0.03,9061.240739991752,9375.628765947466,
falconiformes,single,c=0.000001,200000,3e-05,9230.539797927855,362834.1858990406,
falconiformes,single,c=0.000001,200000,0.0001,9016.6164712448,362834.1858990406,
falconiformes,single,c=0.000001,200000,0.0003,9110.06194165434,362834.1858990406,
falconiformes,single,c=0.000001,200000,0.001,9135.696713200308,362834.1858990406,
falconiformes,single,c=0.000001,200000,0.003,9523.318716695783,362834.1858990406,
falconiformes,single,c=0.000001,200000,0.01,11568.179563686186,362834.1858990406,
falconiformes,single,c=0.2,200000,0.001,8984.539406276259,362834.1858990406,
falconiformes,single,c=0.2,200000,0.003,8959.537623092654,362834.1858990406,
falconiformes,single,c=0.2,200000,0.01,9009.742800761602,362834.1858990406,
falconiformes,single,c=0.2,200000,0.03,9151.245148420674,362834.1858990406,
falconiformes,single,c=0.3,200000,0.001,8994.40769585877,362834.1858990406,
falconiformes,single,c=0.3,200000,0.003,8988.436529336297,362834.1858990406,
falconiformes,single,c=0.3,200000,0.01,8984.250685561374,362834.1858990406,
falconiformes,single,c=0.3,200000,0.03,8997.544978377924,362834.1858990406,
falconiformes,single,c=1.0,200000,0.001,164537.77070504663,362834.1858990406,
falconiformes,single,c=1.0,200000,0.01,113904.67723106341,362834.1858990406,
falconiformes,single,c=1.0,200000,0.1,91951.85290674646,362834.1858990406,
falconiformes,single,c=1.0,200000,1.0,inf,362834.1858990406,13
falconiformes,single,c=1.0,200000,10.0,inf,362834.1858990406,7
falconiformes,single,c=1.0,200000,100.0,inf,362834.1858990406,6
falconiformes,single,c=1.0,200000,1000.0,inf,362834.1858990406,6
powerlaw200,stage1,c=0.000001,100000,0.001,15007.364299176863,17909.822146639723,
powerlaw200,stage1,c=0.000001,100000,0.003,15002.370228465596,17909.822146639723,
powerlaw200,stage1,c=0.000001,100000,0.01,15017.917996771475,17909.822146639723,
powerlaw200,stage1,c=0.000001,100000,0.03,14986.762994820878,17909.822146639723,
powerlaw200,stage2,c=0.000001,100000,1e-05,14986.632954926878,14986.8025803872,
powerlaw200,stage2,c=0.000001,100000,3e-05,14986.632954959774,14986.8025803872,
powerlaw200,stage2,c=0.000001,100000,0.0001,14986.632955358145,14986.8025803872,
powerlaw200,stage2,c=0.000001,100000,0.0003,14986.632958784587,14986.8025803872,
powerlaw200,stage2,c=0.000001,100000,0.001,14986.632997257704,14986.8025803872,
powerlaw200,stage2,c=0.2,100000,0.0003,14986.632958786739,14986.8025803872,
powerlaw200,stage2,c=0.2,100000,0.001,14986.632995928781,14986.8025803872,
powerlaw200,stage2,c=0.2,100000,0.003,14986.633332226198,14986.8025803872,
powerlaw200,stage2,c=0.2,100000,0.01,14986.636808552259,14986.8025803872,
powerlaw200,stage2,c=0.2,100000,0.03,14987.091969362556,14986.8025803872,
powerlaw200,stage2,c=0.3,100000,0.0003,14986.632958632154,14986.8025803872,
powerlaw200,stage2,c=0.3,100000,0.001,14986.632995430236,14986.8025803872,
powerlaw200,stage2,c=0.3,100000,0.003,14986.633340788418,14986.8025803872,
powerlaw200,stage2,c=0.3,100000,0.01,14986.636787623509,14986.8025803872,
powerlaw200,stage2,c=0.3,100000,0.03,14986.76297623294,14986.8025803872,
powerlaw200,single,c=0.000001,200000,0.01,15017.918038996362,17909.822146639723,
powerlaw200,single,c=0.000001,200000,0.03,14986.762997704462,17909.822146639723,
powerlaw200,single,c=0.000001,200000,0.1,14932.23381000633,17909.822146639723,
powerlaw200,single,c=0.000001,200000,0.3,14926.302731427451,17909.822146639723,
powerlaw200,single,c=0.000001,200000,1.0,15092.470712010992,17909.822146639723,
powerlaw200,single,c=0.2,200000,0.03,14969.61187020182,17909.822146639723,
powerlaw200,single,c=0.2,200000,0.1,14934.716275798437,17909.822146639723,
powerlaw200,single,c=0.2,200000,0.3,14942.043552283576,17909.822146639723,
powerlaw200,single,c=0.2,200000,1.0,inf,17909.822146639723,15191
powerlaw200,single,c=0.3,200000,0.03,14969.641034121996,17909.822146639723,
powerlaw200,single,c=0.3,200000,0.1,14935.402592359063,17909.822146639723,
powerlaw200,single,c=0.3,200000,0.3,14942.14571249708,17909.822146639723,
powerlaw200,single,c=0.3,200000,1.0,inf,17909.822146639723,16993
powerlaw200,single,c=1.0,200000,0.001,14969.174043949395,17909.822146639723,
powerlaw200,single,c=1.0,200000,0.01,14977.084140324676,17909.822146639723,
powerlaw200,single,c=1.0,200000,0.1,14934.717716434621,17909.822146639723,
powerlaw200,single,c=1.0,200000,1.0,inf,17909.822146639723,14
powerlaw200,single,c=1.0,200000,10.0,inf,17909.822146639723,7
powerlaw200,single,c=1.0,200000,100.0,inf,17909.822146639723,6
powerlaw200,single,c=1.0,200000,1000.0,inf,17909.822146639723,6
airports_europe,stage1,c=0.000001,100000,0.001,39774.375614336226,51242.60654271323,
airports_europe,stage1,c=0.000001,100000,0.003,39774.84226441314,51242.60654271323,
airports_europe,stage1,c=0.000001,100000,0.01,39762.51913353314,51242.60654271323,
airports_europe,stage1,c=0.000001,100000,0.03,39762.77566393697,51242.60654271323,
airports_europe,stage2,c=0.000001,100000,1e-05,39762.500941772254,39762.50254643308,
airports_europe,stage2,c=0.000001,100000,3e-05,39762.5009418926,39762.50254643308,
airports_europe,stage2,c=0.000001,100000,0.0001,39762.50094324957,39762.50254643308,
airports_europe,stage2,c=0.000001,100000,0.0003,39762.500956171716,39762.50254643308,
airports_europe,stage2,c=0.000001,100000,0.001,39762.50109121757,39762.50254643308,
airports_europe,stage2,c=0.2,100000,0.0003,39762.50095552345,39762.50254643308,
airports_europe,stage2,c=0.2,100000,0.001,39762.501094777086,39762.50254643308,
airports_europe,stage2,c=0.2,100000,0.003,39762.50223580694,39762.50254643308,
airports_europe,stage2,c=0.2,100000,0.01,39762.56234347197,39762.50254643308,
airports_europe,stage2,c=0.2,100000,0.03,39762.98986532048,39762.50254643308,
airports_europe,stage2,c=0.3,100000,0.0003,39762.50095572076,39762.50254643308,
airports_europe,stage2,c=0.3,100000,0.001,39762.501099935056,39762.50254643308,
airports_europe,stage2,c=0.3,100000,0.003,39762.50227303716,39762.50254643308,
airports_europe,stage2,c=0.3,100000,0.01,39762.52600158543,39762.50254643308,
airports_europe,stage2,c=0.3,100000,0.03,39762.989416749486,39762.50254643308,
airports_europe,single,c=0.000001,200000,0.003,39774.84226444225,51242.60654271323,
airports_europe,single,c=0.000001,200000,0.01,39762.55644149866,51242.60654271323,
airports_europe,single,c=0.000001,200000,0.03,39762.77710082832,51242.60654271323,
airports_europe,single,c=0.000001,200000,0.1,39736.50042553853,51242.60654271323,
airports_europe,single,c=0.2,200000,0.01,39760.33385015119,51242.60654271323,
airports_europe,single,c=0.2,200000,0.03,39733.978318739006,51242.60654271323,
airports_europe,single,c=0.2,200000,0.1,39732.635725650856,51242.60654271323,
airports_europe,single,c=0.2,200000,0.3,39777.57789615174,51242.60654271323,
airports_europe,single,c=0.3,200000,0.01,39762.58522539973,51242.60654271323,
airports_europe,single,c=0.3,200000,0.03,39764.38843320159,51242.60654271323,
airports_europe,single,c=0.3,200000,0.1,39746.30587551627,51242.60654271323,
airports_europe,single,c=0.3,200000,0.3,39786.63694083238,51242.60654271323,
airports_europe,single,c=1.0,200000,0.001,39766.74956007675,51242.60654271323,
airports_europe,single,c=1.0,200000,0.01,39764.73237416158,51242.60654271323,
airports_europe,single,c=1.0,200000,0.1,39774.543698999194,51242.60654271323,
airports_europe,single,c=1.0,200000,1.0,inf,51242.60654271323,12
airports_europe,single,c=1.0,200000,10.0,inf,51242.60654271323,7
airports_europe,single,c=1.0,200000,100.0,inf,51242.60654271323,6
airports_europe,single,c=1.0,200000,1000.0,inf,51242.60654271323,6
